timestamp,VALUE
2022-01-01 00:00:00,284.96
2022-01-01 00:01:00,272.14
2022-01-01 00:02:00,279.98
2022-01-01 00:03:00,287.96
2022-01-01 00:04:00,276.63
2022-01-01 00:05:00,289.02
2022-01-01 00:06:00,281.18
2022-01-01 00:07:00,286.42
2022-01-01 00:08:00,275.34
2022-01-01 00:09:00,289.62
2022-01-01 00:10:00,289.63
2022-01-01 00:11:00,295.02
2022-01-01 00:12:00,283.23
2022-01-01 00:13:00,286.43
2022-01-01 00:14:00,296.34
2022-01-01 00:15:00,277.89
2022-01-01 00:16:00,285.71
2022-01-01 00:17:00,281.71
2022-01-01 00:18:00,298.07
2022-01-01 00:19:00,281.92
2022-01-01 00:20:00,296.14
2022-01-01 00:21:00,287.5
2022-01-01 00:22:00,284.13
2022-01-01 00:23:00,282.76
2022-01-01 00:24:00,282.59
2022-01-01 00:25:00,285.72
2022-01-01 00:26:00,295.41
2022-01-01 00:27:00,290.38
2022-01-01 00:28:00,282.93
2022-01-01 00:29:00,297.77
2022-01-01 00:30:00,290.85
2022-01-01 00:31:00,289.27
2022-01-01 00:32:00,298.61
2022-01-01 00:33:00,303.06
2022-01-01 00:34:00,294.03
2022-01-01 00:35:00,298.8
2022-01-01 00:36:00,305.43
2022-01-01 00:37:00,298.95
2022-01-01 00:38:00,289.52
2022-01-01 00:39:00,289.86
2022-01-01 00:40:00,298.74
2022-01-01 00:41:00,291.77
2022-01-01 00:42:00,307.53
2022-01-01 00:43:00,296.47
2022-01-01 00:44:00,299.64
2022-01-01 00:45:00,298.1
2022-01-01 00:46:00,295.21
2022-01-01 00:47:00,308.56
2022-01-01 00:48:00,306.36
2022-01-01 00:49:00,294.11
2022-01-01 00:50:00,296.51
2022-01-01 00:51:00,303.67
2022-01-01 00:52:00,305.56
2022-01-01 00:53:00,294.88
2022-01-01 00:54:00,300.77
2022-01-01 00:55:00,296.3
2022-01-01 00:56:00,305.41
2022-01-01 00:57:00,294.33
2022-01-01 00:58:00,304.98
2022-01-01 00:59:00,297.08
2022-01-01 01:00:00,295.72
2022-01-01 01:01:00,296.5
2022-01-01 01:02:00,297.05
2022-01-01 01:03:00,300.32
2022-01-01 01:04:00,299.55
2022-01-01 01:05:00,303.82
2022-01-01 01:06:00,299.39
2022-01-01 01:07:00,296.32
2022-01-01 01:08:00,300.93
2022-01-01 01:09:00,299.88
2022-01-01 01:10:00,309.38
2022-01-01 01:11:00,309.66
2022-01-01 01:12:00,307.75
2022-01-01 01:13:00,298.74
2022-01-01 01:14:00,302.4
2022-01-01 01:15:00,302.28
2022-01-01 01:16:00,300.11
2022-01-01 01:17:00,313.06
2022-01-01 01:18:00,310.97
2022-01-01 01:19:00,316.15
2022-01-01 01:20:00,310.51
2022-01-01 01:21:00,312.32
2022-01-01 01:22:00,316.25
2022-01-01 01:23:00,313.43
2022-01-01 01:24:00,302.54
2022-01-01 01:25:00,314.09
2022-01-01 01:26:00,319.54
2022-01-01 01:27:00,305.58
2022-01-01 01:28:00,310.06
2022-01-01 01:29:00,318.35
2022-01-01 01:30:00,313.03
2022-01-01 01:31:00,305.36
2022-01-01 01:32:00,322.38
2022-01-01 01:33:00,320.75
2022-01-01 01:34:00,311.19
2022-01-01 01:35:00,316.81
2022-01-01 01:36:00,304.06
2022-01-01 01:37:00,308.88
2022-01-01 01:38:00,316.93
2022-01-01 01:39:00,311.18
2022-01-01 01:40:00,318.92
2022-01-01 01:41:00,310.55
2022-01-01 01:42:00,309.57
2022-01-01 01:43:00,317.5
2022-01-01 01:44:00,319.51
2022-01-01 01:45:00,312.96
2022-01-01 01:46:00,320.46
2022-01-01 01:47:00,317.27
2022-01-01 01:48:00,311.93
2022-01-01 01:49:00,314.0
2022-01-01 01:50:00,322.28
2022-01-01 01:51:00,309.25
2022-01-01 01:52:00,323.91
2022-01-01 01:53:00,327.63
2022-01-01 01:54:00,309.78
2022-01-01 01:55:00,312.13
2022-01-01 01:56:00,321.74
2022-01-01 01:57:00,328.09
2022-01-01 01:58:00,318.26
2022-01-01 01:59:00,322.35
2022-01-01 02:00:00,318.91
2022-01-01 02:01:00,321.08
2022-01-01 02:02:00,319.09
2022-01-01 02:03:00,329.87
2022-01-01 02:04:00,328.9
2022-01-01 02:05:00,325.71
2022-01-01 02:06:00,317.79
2022-01-01 02:07:00,324.08
2022-01-01 02:08:00,325.03
2022-01-01 02:09:00,329.9
2022-01-01 02:10:00,322.94
2022-01-01 02:11:00,325.13
2022-01-01 02:12:00,327.38
2022-01-01 02:13:00,317.15
2022-01-01 02:14:00,325.76
2022-01-01 02:15:00,323.29
2022-01-01 02:16:00,332.51
2022-01-01 02:17:00,320.16
2022-01-01 02:18:00,315.44
2022-01-01 02:19:00,328.93
2022-01-01 02:20:00,320.47
2022-01-01 02:21:00,333.94
2022-01-01 02:22:00,332.63
2022-01-01 02:23:00,317.18
2022-01-01 02:24:00,324.88
2022-01-01 02:25:00,330.72
2022-01-01 02:26:00,324.02
2022-01-01 02:27:00,324.22
2022-01-01 02:28:00,316.55
2022-01-01 02:29:00,332.51
2022-01-01 02:30:00,323.92
2022-01-01 02:31:00,331.26
2022-01-01 02:32:00,320.62
2022-01-01 02:33:00,323.0
2022-01-01 02:34:00,322.91
2022-01-01 02:35:00,326.84
2022-01-01 02:36:00,335.62
2022-01-01 02:37:00,319.01
2022-01-01 02:38:00,322.86
2022-01-01 02:39:00,329.03
2022-01-01 02:40:00,323.01
2022-01-01 02:41:00,321.74
2022-01-01 02:42:00,324.46
2022-01-01 02:43:00,320.12
2022-01-01 02:44:00,329.27
2022-01-01 02:45:00,334.1
2022-01-01 02:46:00,325.78
2022-01-01 02:47:00,335.54
2022-01-01 02:48:00,330.25
2022-01-01 02:49:00,328.52
2022-01-01 02:50:00,332.44
2022-01-01 02:51:00,323.71
2022-01-01 02:52:00,337.1
2022-01-01 02:53:00,326.5
2022-01-01 02:54:00,333.05
2022-01-01 02:55:00,336.94
2022-01-01 02:56:00,332.4
2022-01-01 02:57:00,337.19
2022-01-01 02:58:00,323.69
2022-01-01 02:59:00,335.21
2022-01-01 03:00:00,325.79
2022-01-01 03:01:00,322.1
2022-01-01 03:02:00,333.63
2022-01-01 03:03:00,323.79
2022-01-01 03:04:00,333.12
2022-01-01 03:05:00,332.02
2022-01-01 03:06:00,336.42
2022-01-01 03:07:00,326.02
2022-01-01 03:08:00,337.87
2022-01-01 03:09:00,337.69
2022-01-01 03:10:00,330.12
2022-01-01 03:11:00,329.36
2022-01-01 03:12:00,324.7
2022-01-01 03:13:00,325.56
2022-01-01 03:14:00,337.18
2022-01-01 03:15:00,328.09
2022-01-01 03:16:00,335.56
2022-01-01 03:17:00,328.49
2022-01-01 03:18:00,330.41
2022-01-01 03:19:00,325.38
2022-01-01 03:20:00,338.41
2022-01-01 03:21:00,339.09
2022-01-01 03:22:00,341.67
2022-01-01 03:23:00,340.94
2022-01-01 03:24:00,341.52
2022-01-01 03:25:00,336.24
2022-01-01 03:26:00,338.12
2022-01-01 03:27:00,330.34
2022-01-01 03:28:00,329.59
2022-01-01 03:29:00,331.45
2022-01-01 03:30:00,346.71
2022-01-01 03:31:00,339.28
2022-01-01 03:32:00,341.67
2022-01-01 03:33:00,330.48
2022-01-01 03:34:00,328.55
2022-01-01 03:35:00,338.81
2022-01-01 03:36:00,346.86
2022-01-01 03:37:00,345.49
2022-01-01 03:38:00,344.46
2022-01-01 03:39:00,336.56
2022-01-01 03:40:00,342.61
2022-01-01 03:41:00,341.82
2022-01-01 03:42:00,334.98
2022-01-01 03:43:00,344.2
2022-01-01 03:44:00,332.27
2022-01-01 03:45:00,344.49
2022-01-01 03:46:00,340.62
2022-01-01 03:47:00,343.26
2022-01-01 03:48:00,333.55
2022-01-01 03:49:00,337.68
2022-01-01 03:50:00,339.73
2022-01-01 03:51:00,342.29
2022-01-01 03:52:00,336.93
2022-01-01 03:53:00,342.44
2022-01-01 03:54:00,331.48
2022-01-01 03:55:00,343.44
2022-01-01 03:56:00,334.37
2022-01-01 03:57:00,335.71
2022-01-01 03:58:00,338.29
2022-01-01 03:59:00,335.38
2022-01-01 04:00:00,338.77
2022-01-01 04:01:00,331.76
2022-01-01 04:02:00,343.6
2022-01-01 04:03:00,342.66
2022-01-01 04:04:00,332.24
2022-01-01 04:05:00,344.89
2022-01-01 04:06:00,339.07
2022-01-01 04:07:00,340.08
2022-01-01 04:08:00,340.88
2022-01-01 04:09:00,342.57
2022-01-01 04:10:00,341.92
2022-01-01 04:11:00,338.59
2022-01-01 04:12:00,339.32
2022-01-01 04:13:00,336.17
2022-01-01 04:14:00,338.84
2022-01-01 04:15:00,351.98
2022-01-01 04:16:00,337.09
2022-01-01 04:17:00,351.2
2022-01-01 04:18:00,351.78
2022-01-01 04:19:00,348.19
2022-01-01 04:20:00,350.06
2022-01-01 04:21:00,346.05
2022-01-01 04:22:00,353.95
2022-01-01 04:23:00,339.19
2022-01-01 04:24:00,349.93
2022-01-01 04:25:00,344.49
2022-01-01 04:26:00,340.67
2022-01-01 04:27:00,339.11
2022-01-01 04:28:00,338.61
2022-01-01 04:29:00,349.03
2022-01-01 04:30:00,337.67
2022-01-01 04:31:00,340.73
2022-01-01 04:32:00,346.43
2022-01-01 04:33:00,337.45
2022-01-01 04:34:00,342.1
2022-01-01 04:35:00,348.46
2022-01-01 04:36:00,338.83
2022-01-01 04:37:00,343.89
2022-01-01 04:38:00,341.8
2022-01-01 04:39:00,343.23
2022-01-01 04:40:00,350.02
2022-01-01 04:41:00,340.8
2022-01-01 04:42:00,350.59
2022-01-01 04:43:00,351.71
2022-01-01 04:44:00,349.56
2022-01-01 04:45:00,342.87
2022-01-01 04:46:00,338.0
2022-01-01 04:47:00,354.77
2022-01-01 04:48:00,344.97
2022-01-01 04:49:00,354.13
2022-01-01 04:50:00,356.35
2022-01-01 04:51:00,339.63
2022-01-01 04:52:00,352.62
2022-01-01 04:53:00,339.83
2022-01-01 04:54:00,347.06
2022-01-01 04:55:00,344.93
2022-01-01 04:56:00,345.05
2022-01-01 04:57:00,356.67
2022-01-01 04:58:00,344.65
2022-01-01 04:59:00,346.19
2022-01-01 05:00:00,350.7
2022-01-01 05:01:00,349.31
2022-01-01 05:02:00,342.58
2022-01-01 05:03:00,354.24
2022-01-01 05:04:00,352.23
2022-01-01 05:05:00,354.76
2022-01-01 05:06:00,347.88
2022-01-01 05:07:00,343.81
2022-01-01 05:08:00,341.02
2022-01-01 05:09:00,342.93
2022-01-01 05:10:00,349.43
2022-01-01 05:11:00,342.89
2022-01-01 05:12:00,341.2
2022-01-01 05:13:00,343.59
2022-01-01 05:14:00,344.87
2022-01-01 05:15:00,345.3
2022-01-01 05:16:00,355.31
2022-01-01 05:17:00,348.03
2022-01-01 05:18:00,360.17
2022-01-01 05:19:00,356.95
2022-01-01 05:20:00,345.05
2022-01-01 05:21:00,359.69
2022-01-01 05:22:00,350.99
2022-01-01 05:23:00,357.03
2022-01-01 05:24:00,350.53
2022-01-01 05:25:00,360.02
2022-01-01 05:26:00,348.55
2022-01-01 05:27:00,358.63
2022-01-01 05:28:00,359.75
2022-01-01 05:29:00,362.89
2022-01-01 05:30:00,351.46
2022-01-01 05:31:00,352.47
2022-01-01 05:32:00,359.65
2022-01-01 05:33:00,350.03
2022-01-01 05:34:00,351.68
2022-01-01 05:35:00,344.27
2022-01-01 05:36:00,363.8
2022-01-01 05:37:00,345.37
2022-01-01 05:38:00,350.15
2022-01-01 05:39:00,353.03
2022-01-01 05:40:00,360.15
2022-01-01 05:41:00,348.97
2022-01-01 05:42:00,350.04
2022-01-01 05:43:00,357.61
2022-01-01 05:44:00,351.24
2022-01-01 05:45:00,362.61
2022-01-01 05:46:00,352.0
2022-01-01 05:47:00,350.55
2022-01-01 05:48:00,351.32
2022-01-01 05:49:00,350.05
2022-01-01 05:50:00,347.32
2022-01-01 05:51:00,352.04
2022-01-01 05:52:00,352.21
2022-01-01 05:53:00,357.58
2022-01-01 05:54:00,364.02
2022-01-01 05:55:00,346.72
2022-01-01 05:56:00,353.4
2022-01-01 05:57:00,354.19
2022-01-01 05:58:00,361.38
2022-01-01 05:59:00,354.16
2022-01-01 06:00:00,364.04
2022-01-01 06:01:00,357.42
2022-01-01 06:02:00,351.03
2022-01-01 06:03:00,359.54
2022-01-01 06:04:00,349.66
2022-01-01 06:05:00,354.7
2022-01-01 06:06:00,348.14
2022-01-01 06:07:00,358.56
2022-01-01 06:08:00,354.03
2022-01-01 06:09:00,359.26
2022-01-01 06:10:00,351.82
2022-01-01 06:11:00,356.33
2022-01-01 06:12:00,365.4
2022-01-01 06:13:00,351.64
2022-01-01 06:14:00,363.37
2022-01-01 06:15:00,365.79
2022-01-01 06:16:00,354.45
2022-01-01 06:17:00,365.96
2022-01-01 06:18:00,354.67
2022-01-01 06:19:00,360.9
2022-01-01 06:20:00,357.5
2022-01-01 06:21:00,349.48
2022-01-01 06:22:00,353.1
2022-01-01 06:23:00,368.46
2022-01-01 06:24:00,361.24
2022-01-01 06:25:00,366.91
2022-01-01 06:26:00,354.98
2022-01-01 06:27:00,355.09
2022-01-01 06:28:00,354.27
2022-01-01 06:29:00,363.21
2022-01-01 06:30:00,355.53
2022-01-01 06:31:00,366.28
2022-01-01 06:32:00,360.88
2022-01-01 06:33:00,351.84
2022-01-01 06:34:00,355.49
2022-01-01 06:35:00,358.05
2022-01-01 06:36:00,365.12
2022-01-01 06:37:00,362.67
2022-01-01 06:38:00,354.12
2022-01-01 06:39:00,360.78
2022-01-01 06:40:00,352.43
2022-01-01 06:41:00,357.73
2022-01-01 06:42:00,354.23
2022-01-01 06:43:00,357.87
2022-01-01 06:44:00,369.36
2022-01-01 06:45:00,358.74
2022-01-01 06:46:00,368.33
2022-01-01 06:47:00,363.63
2022-01-01 06:48:00,366.84
2022-01-01 06:49:00,366.17
2022-01-01 06:50:00,361.14
2022-01-01 06:51:00,359.87
2022-01-01 06:52:00,367.83
2022-01-01 06:53:00,361.49
2022-01-01 06:54:00,357.38
2022-01-01 06:55:00,355.0
2022-01-01 06:56:00,370.05
2022-01-01 06:57:00,362.55
2022-01-01 06:58:00,360.69
2022-01-01 06:59:00,360.34
2022-01-01 07:00:00,372.23
2022-01-01 07:01:00,353.74
2022-01-01 07:02:00,354.2
2022-01-01 07:03:00,355.63
2022-01-01 07:04:00,371.34
2022-01-01 07:05:00,365.21
2022-01-01 07:06:00,372.53
2022-01-01 07:07:00,354.87
2022-01-01 07:08:00,365.14
2022-01-01 07:09:00,364.21
2022-01-01 07:10:00,360.45
2022-01-01 07:11:00,361.35
2022-01-01 07:12:00,359.9
2022-01-01 07:13:00,367.35
2022-01-01 07:14:00,368.9
2022-01-01 07:15:00,365.37
2022-01-01 07:16:00,357.76
2022-01-01 07:17:00,372.78
2022-01-01 07:18:00,359.24
2022-01-01 07:19:00,362.68
2022-01-01 07:20:00,370.71
2022-01-01 07:21:00,367.48
2022-01-01 07:22:00,369.77
2022-01-01 07:23:00,373.22
2022-01-01 07:24:00,371.5
2022-01-01 07:25:00,367.41
2022-01-01 07:26:00,368.51
2022-01-01 07:27:00,374.58
2022-01-01 07:28:00,368.92
2022-01-01 07:29:00,357.41
2022-01-01 07:30:00,358.35
2022-01-01 07:31:00,369.97
2022-01-01 07:32:00,366.88
2022-01-01 07:33:00,369.58
2022-01-01 07:34:00,375.16
2022-01-01 07:35:00,364.61
2022-01-01 07:36:00,358.7
2022-01-01 07:37:00,359.04
2022-01-01 07:38:00,372.25
2022-01-01 07:39:00,368.15
2022-01-01 07:40:00,364.52
2022-01-01 07:41:00,373.83
2022-01-01 07:42:00,369.27
2022-01-01 07:43:00,359.92
2022-01-01 07:44:00,374.21
2022-01-01 07:45:00,360.94
2022-01-01 07:46:00,370.57
2022-01-01 07:47:00,357.93
2022-01-01 07:48:00,374.05
2022-01-01 07:49:00,371.6
2022-01-01 07:50:00,375.17
2022-01-01 07:51:00,363.01
2022-01-01 07:52:00,365.0
2022-01-01 07:53:00,359.99
2022-01-01 07:54:00,362.59
2022-01-01 07:55:00,359.14
2022-01-01 07:56:00,366.97
2022-01-01 07:57:00,365.15
2022-01-01 07:58:00,363.73
2022-01-01 07:59:00,372.6
2022-01-01 08:00:00,359.09
2022-01-01 08:01:00,373.39
2022-01-01 08:02:00,368.1
2022-01-01 08:03:00,364.17
2022-01-01 08:04:00,373.32
2022-01-01 08:05:00,359.14
2022-01-01 08:06:00,358.74
2022-01-01 08:07:00,364.32
2022-01-01 08:08:00,374.18
2022-01-01 08:09:00,361.12
2022-01-01 08:10:00,367.39
2022-01-01 08:11:00,370.71
2022-01-01 08:12:00,374.65
2022-01-01 08:13:00,363.01
2022-01-01 08:14:00,377.72
2022-01-01 08:15:00,364.96
2022-01-01 08:16:00,376.08
2022-01-01 08:17:00,361.38
2022-01-01 08:18:00,363.89
2022-01-01 08:19:00,373.14
2022-01-01 08:20:00,364.61
2022-01-01 08:21:00,377.32
2022-01-01 08:22:00,368.03
2022-01-01 08:23:00,372.3
2022-01-01 08:24:00,361.82
2022-01-01 08:25:00,366.69
2022-01-01 08:26:00,375.65
2022-01-01 08:27:00,375.48
2022-01-01 08:28:00,379.35
2022-01-01 08:29:00,375.64
2022-01-01 08:30:00,363.68
2022-01-01 08:31:00,369.65
2022-01-01 08:32:00,378.64
2022-01-01 08:33:00,372.24
2022-01-01 08:34:00,371.62
2022-01-01 08:35:00,378.16
2022-01-01 08:36:00,362.95
2022-01-01 08:37:00,367.85
2022-01-01 08:38:00,373.04
2022-01-01 08:39:00,367.25
2022-01-01 08:40:00,371.12
2022-01-01 08:41:00,368.96
2022-01-01 08:42:00,361.87
2022-01-01 08:43:00,369.04
2022-01-01 08:44:00,377.09
2022-01-01 08:45:00,376.01
2022-01-01 08:46:00,365.71
2022-01-01 08:47:00,378.28
2022-01-01 08:48:00,377.79
2022-01-01 08:49:00,376.62
2022-01-01 08:50:00,372.58
2022-01-01 08:51:00,378.56
2022-01-01 08:52:00,364.72
2022-01-01 08:53:00,362.85
2022-01-01 08:54:00,365.42
2022-01-01 08:55:00,379.55
2022-01-01 08:56:00,382.41
2022-01-01 08:57:00,363.43
2022-01-01 08:58:00,370.44
2022-01-01 08:59:00,370.41
2022-01-01 09:00:00,371.56
2022-01-01 09:01:00,369.75
2022-01-01 09:02:00,378.27
2022-01-01 09:03:00,381.54
2022-01-01 09:04:00,379.78
2022-01-01 09:05:00,369.34
2022-01-01 09:06:00,364.67
2022-01-01 09:07:00,364.15
2022-01-01 09:08:00,370.91
2022-01-01 09:09:00,372.78
2022-01-01 09:10:00,370.58
2022-01-01 09:11:00,366.83
2022-01-01 09:12:00,382.47
2022-01-01 09:13:00,372.64
2022-01-01 09:14:00,373.45
2022-01-01 09:15:00,375.03
2022-01-01 09:16:00,370.91
2022-01-01 09:17:00,365.02
2022-01-01 09:18:00,373.07
2022-01-01 09:19:00,381.1
2022-01-01 09:20:00,374.68
2022-01-01 09:21:00,378.73
2022-01-01 09:22:00,370.85
2022-01-01 09:23:00,383.15
2022-01-01 09:24:00,367.68
2022-01-01 09:25:00,376.11
2022-01-01 09:26:00,378.47
2022-01-01 09:27:00,368.25
2022-01-01 09:28:00,378.85
2022-01-01 09:29:00,384.71
2022-01-01 09:30:00,378.67
2022-01-01 09:31:00,382.7
2022-01-01 09:32:00,373.42
2022-01-01 09:33:00,375.84
2022-01-01 09:34:00,371.9
2022-01-01 09:35:00,380.67
2022-01-01 09:36:00,367.55
2022-01-01 09:37:00,379.26
2022-01-01 09:38:00,384.05
2022-01-01 09:39:00,367.46
2022-01-01 09:40:00,376.05
2022-01-01 09:41:00,379.67
2022-01-01 09:42:00,382.07
2022-01-01 09:43:00,373.9
2022-01-01 09:44:00,380.41
2022-01-01 09:45:00,380.82
2022-01-01 09:46:00,380.55
2022-01-01 09:47:00,383.82
2022-01-01 09:48:00,380.6
2022-01-01 09:49:00,373.63
2022-01-01 09:50:00,375.6
2022-01-01 09:51:00,371.27
2022-01-01 09:52:00,373.34
2022-01-01 09:53:00,375.86
2022-01-01 09:54:00,381.94
2022-01-01 09:55:00,386.5
2022-01-01 09:56:00,367.63
2022-01-01 09:57:00,374.79
2022-01-01 09:58:00,377.61
2022-01-01 09:59:00,381.23
2022-01-01 10:00:00,382.4
2022-01-01 10:01:00,372.04
2022-01-01 10:02:00,376.79
2022-01-01 10:03:00,385.18
2022-01-01 10:04:00,385.34
2022-01-01 10:05:00,382.9
2022-01-01 10:06:00,379.62
2022-01-01 10:07:00,377.55
2022-01-01 10:08:00,375.04
2022-01-01 10:09:00,380.46
2022-01-01 10:10:00,372.62
2022-01-01 10:11:00,384.78
2022-01-01 10:12:00,371.8
2022-01-01 10:13:00,382.66
2022-01-01 10:14:00,374.16
2022-01-01 10:15:00,371.55
2022-01-01 10:16:00,385.16
2022-01-01 10:17:00,381.14
2022-01-01 10:18:00,386.14
2022-01-01 10:19:00,372.87
2022-01-01 10:20:00,370.82
2022-01-01 10:21:00,389.0
2022-01-01 10:22:00,379.19
2022-01-01 10:23:00,374.57
2022-01-01 10:24:00,382.93
2022-01-01 10:25:00,376.1
2022-01-01 10:26:00,379.07
2022-01-01 10:27:00,375.05
2022-01-01 10:28:00,373.75
2022-01-01 10:29:00,382.94
2022-01-01 10:30:00,379.96
2022-01-01 10:31:00,372.88
2022-01-01 10:32:00,381.7
2022-01-01 10:33:00,378.82
2022-01-01 10:34:00,377.22
2022-01-01 10:35:00,376.1
2022-01-01 10:36:00,371.82
2022-01-01 10:37:00,376.63
2022-01-01 10:38:00,388.41
2022-01-01 10:39:00,380.8
2022-01-01 10:40:00,378.1
2022-01-01 10:41:00,389.7
2022-01-01 10:42:00,373.44
2022-01-01 10:43:00,378.54
2022-01-01 10:44:00,381.92
2022-01-01 10:45:00,382.38
2022-01-01 10:46:00,389.94
2022-01-01 10:47:00,388.21
2022-01-01 10:48:00,384.44
2022-01-01 10:49:00,380.99
2022-01-01 10:50:00,378.54
2022-01-01 10:51:00,378.45
2022-01-01 10:52:00,376.83
2022-01-01 10:53:00,389.4
2022-01-01 10:54:00,380.54
2022-01-01 10:55:00,385.74
2022-01-01 10:56:00,385.95
2022-01-01 10:57:00,382.36
2022-01-01 10:58:00,378.6
2022-01-01 10:59:00,380.26
2022-01-01 11:00:00,374.93
2022-01-01 11:01:00,378.44
2022-01-01 11:02:00,379.84
2022-01-01 11:03:00,375.49
2022-01-01 11:04:00,375.8
2022-01-01 11:05:00,391.9
2022-01-01 11:06:00,382.7
2022-01-01 11:07:00,374.2
2022-01-01 11:08:00,383.4
2022-01-01 11:09:00,376.49
2022-01-01 11:10:00,385.1
2022-01-01 11:11:00,389.63
2022-01-01 11:12:00,381.3
2022-01-01 11:13:00,386.65
2022-01-01 11:14:00,382.11
2022-01-01 11:15:00,379.13
2022-01-01 11:16:00,385.27
2022-01-01 11:17:00,378.93
2022-01-01 11:18:00,390.98
2022-01-01 11:19:00,374.27
2022-01-01 11:20:00,386.88
2022-01-01 11:21:00,383.45
2022-01-01 11:22:00,378.3
2022-01-01 11:23:00,380.42
2022-01-01 11:24:00,387.75
2022-01-01 11:25:00,391.18
2022-01-01 11:26:00,375.42
2022-01-01 11:27:00,384.2
2022-01-01 11:28:00,375.08
2022-01-01 11:29:00,393.25
2022-01-01 11:30:00,385.5
2022-01-01 11:31:00,377.13
2022-01-01 11:32:00,379.65
2022-01-01 11:33:00,386.91
2022-01-01 11:34:00,377.0
2022-01-01 11:35:00,383.97
2022-01-01 11:36:00,379.85
2022-01-01 11:37:00,376.35
2022-01-01 11:38:00,378.98
2022-01-01 11:39:00,390.42
2022-01-01 11:40:00,374.64
2022-01-01 11:41:00,385.38
2022-01-01 11:42:00,393.89
2022-01-01 11:43:00,385.63
2022-01-01 11:44:00,391.84
2022-01-01 11:45:00,376.37
2022-01-01 11:46:00,379.03
2022-01-01 11:47:00,374.98
2022-01-01 11:48:00,386.34
2022-01-01 11:49:00,382.19
2022-01-01 11:50:00,381.18
2022-01-01 11:51:00,394.0
2022-01-01 11:52:00,385.98
2022-01-01 11:53:00,385.52
2022-01-01 11:54:00,388.47
2022-01-01 11:55:00,393.96
2022-01-01 11:56:00,395.01
2022-01-01 11:57:00,394.9
2022-01-01 11:58:00,377.68
2022-01-01 11:59:00,386.73
2022-01-01 12:00:00,380.45
2022-01-01 12:01:00,382.52
2022-01-01 12:02:00,392.8
2022-01-01 12:03:00,388.2
2022-01-01 12:04:00,377.92
2022-01-01 12:05:00,393.94
2022-01-01 12:06:00,380.78
2022-01-01 12:07:00,392.15
2022-01-01 12:08:00,388.09
2022-01-01 12:09:00,382.26
2022-01-01 12:10:00,389.19
2022-01-01 12:11:00,388.45
2022-01-01 12:12:00,376.32
2022-01-01 12:13:00,383.26
2022-01-01 12:14:00,383.56
2022-01-01 12:15:00,378.44
2022-01-01 12:16:00,382.31
2022-01-01 12:17:00,383.34
2022-01-01 12:18:00,390.73
2022-01-01 12:19:00,395.2
2022-01-01 12:20:00,382.29
2022-01-01 12:21:00,385.33
2022-01-01 12:22:00,383.51
2022-01-01 12:23:00,386.12
2022-01-01 12:24:00,396.21
2022-01-01 12:25:00,383.27
2022-01-01 12:26:00,389.73
2022-01-01 12:27:00,384.11
2022-01-01 12:28:00,378.83
2022-01-01 12:29:00,385.44
2022-01-01 12:30:00,378.45
2022-01-01 12:31:00,390.97
2022-01-01 12:32:00,385.57
2022-01-01 12:33:00,387.51
2022-01-01 12:34:00,381.01
2022-01-01 12:35:00,390.78
2022-01-01 12:36:00,389.34
2022-01-01 12:37:00,392.73
2022-01-01 12:38:00,390.37
2022-01-01 12:39:00,397.75
2022-01-01 12:40:00,383.1
2022-01-01 12:41:00,385.58
2022-01-01 12:42:00,378.61
2022-01-01 12:43:00,382.67
2022-01-01 12:44:00,396.4
2022-01-01 12:45:00,393.51
2022-01-01 12:46:00,387.71
2022-01-01 12:47:00,389.62
2022-01-01 12:48:00,389.24
2022-01-01 12:49:00,383.76
2022-01-01 12:50:00,379.73
2022-01-01 12:51:00,382.42
2022-01-01 12:52:00,386.6
2022-01-01 12:53:00,391.77
2022-01-01 12:54:00,395.29
2022-01-01 12:55:00,397.38
2022-01-01 12:56:00,389.04
2022-01-01 12:57:00,383.81
2022-01-01 12:58:00,392.94
2022-01-01 12:59:00,382.2
2022-01-01 13:00:00,388.94
2022-01-01 13:01:00,391.35
2022-01-01 13:02:00,398.02
2022-01-01 13:03:00,389.16
2022-01-01 13:04:00,397.23
2022-01-01 13:05:00,381.16
2022-01-01 13:06:00,387.74
2022-01-01 13:07:00,386.52
2022-01-01 13:08:00,398.0
2022-01-01 13:09:00,396.24
2022-01-01 13:10:00,386.92
2022-01-01 13:11:00,386.34
2022-01-01 13:12:00,387.9
2022-01-01 13:13:00,383.82
2022-01-01 13:14:00,396.46
2022-01-01 13:15:00,394.23
2022-01-01 13:16:00,395.91
2022-01-01 13:17:00,390.22
2022-01-01 13:18:00,398.44
2022-01-01 13:19:00,382.44
2022-01-01 13:20:00,382.12
2022-01-01 13:21:00,398.5
2022-01-01 13:22:00,381.82
2022-01-01 13:23:00,387.11
2022-01-01 13:24:00,392.11
2022-01-01 13:25:00,382.53
2022-01-01 13:26:00,387.68
2022-01-01 13:27:00,385.53
2022-01-01 13:28:00,390.41
2022-01-01 13:29:00,388.43
2022-01-01 13:30:00,380.69
2022-01-01 13:31:00,398.94
2022-01-01 13:32:00,396.21
2022-01-01 13:33:00,389.09
2022-01-01 13:34:00,385.35
2022-01-01 13:35:00,382.51
2022-01-01 13:36:00,397.39
2022-01-01 13:37:00,385.05
2022-01-01 13:38:00,386.22
2022-01-01 13:39:00,383.31
2022-01-01 13:40:00,388.21
2022-01-01 13:41:00,391.36
2022-01-01 13:42:00,387.82
2022-01-01 13:43:00,400.28
2022-01-01 13:44:00,392.01
2022-01-01 13:45:00,397.09
2022-01-01 13:46:00,396.0
2022-01-01 13:47:00,383.44
2022-01-01 13:48:00,385.53
2022-01-01 13:49:00,384.68
2022-01-01 13:50:00,391.23
2022-01-01 13:51:00,382.93
2022-01-01 13:52:00,392.74
2022-01-01 13:53:00,383.35
2022-01-01 13:54:00,385.05
2022-01-01 13:55:00,392.46
2022-01-01 13:56:00,401.0
2022-01-01 13:57:00,384.98
2022-01-01 13:58:00,383.36
2022-01-01 13:59:00,389.4
2022-01-01 14:00:00,386.14
2022-01-01 14:01:00,383.85
2022-01-01 14:02:00,392.16
2022-01-01 14:03:00,400.73
2022-01-01 14:04:00,388.68
2022-01-01 14:05:00,389.49
2022-01-01 14:06:00,396.08
2022-01-01 14:07:00,384.24
2022-01-01 14:08:00,401.82
2022-01-01 14:09:00,397.21
2022-01-01 14:10:00,386.23
2022-01-01 14:11:00,384.58
2022-01-01 14:12:00,386.62
2022-01-01 14:13:00,401.81
2022-01-01 14:14:00,389.04
2022-01-01 14:15:00,396.75
2022-01-01 14:16:00,385.11
2022-01-01 14:17:00,390.44
2022-01-01 14:18:00,390.78
2022-01-01 14:19:00,400.58
2022-01-01 14:20:00,384.76
2022-01-01 14:21:00,390.82
2022-01-01 14:22:00,402.5
2022-01-01 14:23:00,386.85
2022-01-01 14:24:00,395.64
2022-01-01 14:25:00,388.23
2022-01-01 14:26:00,393.92
2022-01-01 14:27:00,387.09
2022-01-01 14:28:00,397.75
2022-01-01 14:29:00,400.24
2022-01-01 14:30:00,400.65
2022-01-01 14:31:00,393.22
2022-01-01 14:32:00,398.68
2022-01-01 14:33:00,395.0
2022-01-01 14:34:00,395.11
2022-01-01 14:35:00,387.49
2022-01-01 14:36:00,393.74
2022-01-01 14:37:00,398.09
2022-01-01 14:38:00,385.72
2022-01-01 14:39:00,398.66
2022-01-01 14:40:00,392.16
2022-01-01 14:41:00,388.56
2022-01-01 14:42:00,391.34
2022-01-01 14:43:00,395.8
2022-01-01 14:44:00,398.55
2022-01-01 14:45:00,389.47
2022-01-01 14:46:00,396.79
2022-01-01 14:47:00,385.23
2022-01-01 14:48:00,402.13
2022-01-01 14:49:00,393.46
2022-01-01 14:50:00,394.93
2022-01-01 14:51:00,404.0
2022-01-01 14:52:00,392.14
2022-01-01 14:53:00,400.17
2022-01-01 14:54:00,385.52
2022-01-01 14:55:00,389.37
2022-01-01 14:56:00,385.32
2022-01-01 14:57:00,390.34
2022-01-01 14:58:00,391.88
2022-01-01 14:59:00,388.46
2022-01-01 15:00:00,403.36
2022-01-01 15:01:00,395.16
2022-01-01 15:02:00,404.22
2022-01-01 15:03:00,385.64
2022-01-01 15:04:00,394.59
2022-01-01 15:05:00,396.9
2022-01-01 15:06:00,391.87
2022-01-01 15:07:00,386.9
2022-01-01 15:08:00,398.14
2022-01-01 15:09:00,400.16
2022-01-01 15:10:00,400.17
2022-01-01 15:11:00,388.14
2022-01-01 15:12:00,402.43
2022-01-01 15:13:00,389.72
2022-01-01 15:14:00,401.29
2022-01-01 15:15:00,390.66
2022-01-01 15:16:00,399.53
2022-01-01 15:17:00,387.37
2022-01-01 15:18:00,402.25
2022-01-01 15:19:00,400.79
2022-01-01 15:20:00,392.95
2022-01-01 15:21:00,390.75
2022-01-01 15:22:00,387.25
2022-01-01 15:23:00,394.85
2022-01-01 15:24:00,398.44
2022-01-01 15:25:00,391.2
2022-01-01 15:26:00,397.0
2022-01-01 15:27:00,390.6
2022-01-01 15:28:00,406.58
2022-01-01 15:29:00,388.07
2022-01-01 15:30:00,394.93
2022-01-01 15:31:00,400.33
2022-01-01 15:32:00,405.01
2022-01-01 15:33:00,395.06
2022-01-01 15:34:00,400.96
2022-01-01 15:35:00,399.34
2022-01-01 15:36:00,397.33
2022-01-01 15:37:00,390.54
2022-01-01 15:38:00,393.84
2022-01-01 15:39:00,387.66
2022-01-01 15:40:00,400.11
2022-01-01 15:41:00,391.27
2022-01-01 15:42:00,407.12
2022-01-01 15:43:00,406.49
2022-01-01 15:44:00,404.68
2022-01-01 15:45:00,391.79
2022-01-01 15:46:00,392.16
2022-01-01 15:47:00,392.61
2022-01-01 15:48:00,395.72
2022-01-01 15:49:00,397.85
2022-01-01 15:50:00,397.32
2022-01-01 15:51:00,397.08
2022-01-01 15:52:00,391.03
2022-01-01 15:53:00,394.42
2022-01-01 15:54:00,404.05
2022-01-01 15:55:00,392.53
2022-01-01 15:56:00,398.69
2022-01-01 15:57:00,403.34
2022-01-01 15:58:00,392.77
2022-01-01 15:59:00,399.83
2022-01-01 16:00:00,396.87
2022-01-01 16:01:00,394.66
2022-01-01 16:02:00,398.35
2022-01-01 16:03:00,403.03
2022-01-01 16:04:00,401.94
2022-01-01 16:05:00,393.14
2022-01-01 16:06:00,407.19
2022-01-01 16:07:00,389.6
2022-01-01 16:08:00,398.76
2022-01-01 16:09:00,397.41
2022-01-01 16:10:00,406.13
2022-01-01 16:11:00,394.75
2022-01-01 16:12:00,400.21
2022-01-01 16:13:00,408.12
2022-01-01 16:14:00,407.59
2022-01-01 16:15:00,401.14
2022-01-01 16:16:00,396.0
2022-01-01 16:17:00,404.57
2022-01-01 16:18:00,400.79
2022-01-01 16:19:00,393.34
2022-01-01 16:20:00,402.36
2022-01-01 16:21:00,391.02
2022-01-01 16:22:00,406.9
2022-01-01 16:23:00,397.96
2022-01-01 16:24:00,408.1
2022-01-01 16:25:00,399.76
2022-01-01 16:26:00,395.49
2022-01-01 16:27:00,403.65
2022-01-01 16:28:00,402.41
2022-01-01 16:29:00,391.44
2022-01-01 16:30:00,399.39
2022-01-01 16:31:00,400.17
2022-01-01 16:32:00,389.84
2022-01-01 16:33:00,404.03
2022-01-01 16:34:00,393.85
2022-01-01 16:35:00,392.37
2022-01-01 16:36:00,398.39
2022-01-01 16:37:00,396.94
2022-01-01 16:38:00,394.44
2022-01-01 16:39:00,407.55
2022-01-01 16:40:00,406.11
2022-01-01 16:41:00,408.19
2022-01-01 16:42:00,407.28
2022-01-01 16:43:00,391.27
2022-01-01 16:44:00,393.07
2022-01-01 16:45:00,397.11
2022-01-01 16:46:00,406.64
2022-01-01 16:47:00,407.17
2022-01-01 16:48:00,410.43
2022-01-01 16:49:00,394.64
2022-01-01 16:50:00,401.05
2022-01-01 16:51:00,394.3
2022-01-01 16:52:00,392.24
2022-01-01 16:53:00,410.43
2022-01-01 16:54:00,393.65
2022-01-01 16:55:00,407.68
2022-01-01 16:56:00,391.58
2022-01-01 16:57:00,400.31
2022-01-01 16:58:00,392.47
2022-01-01 16:59:00,393.19
2022-01-01 17:00:00,401.64
2022-01-01 17:01:00,407.76
2022-01-01 17:02:00,397.49
2022-01-01 17:03:00,397.15
2022-01-01 17:04:00,398.16
2022-01-01 17:05:00,401.95
2022-01-01 17:06:00,393.06
2022-01-01 17:07:00,409.4
2022-01-01 17:08:00,396.57
2022-01-01 17:09:00,403.53
2022-01-01 17:10:00,397.7
2022-01-01 17:11:00,392.35
2022-01-01 17:12:00,398.47
2022-01-01 17:13:00,403.72
2022-01-01 17:14:00,393.69
2022-01-01 17:15:00,407.55
2022-01-01 17:16:00,411.76
2022-01-01 17:17:00,394.5
2022-01-01 17:18:00,404.67
2022-01-01 17:19:00,405.62
2022-01-01 17:20:00,405.45
2022-01-01 17:21:00,402.65
2022-01-01 17:22:00,405.11
2022-01-01 17:23:00,401.83
2022-01-01 17:24:00,394.5
2022-01-01 17:25:00,401.32
2022-01-01 17:26:00,407.06
2022-01-01 17:27:00,392.53
2022-01-01 17:28:00,392.93
2022-01-01 17:29:00,400.74
2022-01-01 17:30:00,412.31
2022-01-01 17:31:00,396.24
2022-01-01 17:32:00,394.29
2022-01-01 17:33:00,411.09
2022-01-01 17:34:00,403.66
2022-01-01 17:35:00,406.52
2022-01-01 17:36:00,401.04
2022-01-01 17:37:00,400.01
2022-01-01 17:38:00,404.55
2022-01-01 17:39:00,411.05
2022-01-01 17:40:00,395.94
2022-01-01 17:41:00,393.17
2022-01-01 17:42:00,411.53
2022-01-01 17:43:00,412.88
2022-01-01 17:44:00,411.85
2022-01-01 17:45:00,395.07
2022-01-01 17:46:00,399.86
2022-01-01 17:47:00,412.79
2022-01-01 17:48:00,394.14
2022-01-01 17:49:00,412.91
2022-01-01 17:50:00,398.61
2022-01-01 17:51:00,400.8
2022-01-01 17:52:00,397.77
2022-01-01 17:53:00,395.09
2022-01-01 17:54:00,395.45
2022-01-01 17:55:00,403.66
2022-01-01 17:56:00,408.65
2022-01-01 17:57:00,400.5
2022-01-01 17:58:00,409.93
2022-01-01 17:59:00,405.02
2022-01-01 18:00:00,412.11
2022-01-01 18:01:00,400.82
2022-01-01 18:02:00,410.68
2022-01-01 18:03:00,398.95
2022-01-01 18:04:00,403.4
2022-01-01 18:05:00,399.38
2022-01-01 18:06:00,406.48
2022-01-01 18:07:00,403.56
2022-01-01 18:08:00,411.62
2022-01-01 18:09:00,411.73
2022-01-01 18:10:00,410.29
2022-01-01 18:11:00,412.43
2022-01-01 18:12:00,397.69
2022-01-01 18:13:00,407.76
2022-01-01 18:14:00,405.75
2022-01-01 18:15:00,398.79
2022-01-01 18:16:00,398.74
2022-01-01 18:17:00,411.94
2022-01-01 18:18:00,412.14
2022-01-01 18:19:00,407.12
2022-01-01 18:20:00,401.26
2022-01-01 18:21:00,396.79
2022-01-01 18:22:00,407.77
2022-01-01 18:23:00,404.07
2022-01-01 18:24:00,409.04
2022-01-01 18:25:00,411.96
2022-01-01 18:26:00,414.19
2022-01-01 18:27:00,406.26
2022-01-01 18:28:00,409.09
2022-01-01 18:29:00,397.26
2022-01-01 18:30:00,408.2
2022-01-01 18:31:00,405.45
2022-01-01 18:32:00,409.92
2022-01-01 18:33:00,396.43
2022-01-01 18:34:00,399.45
2022-01-01 18:35:00,399.37
2022-01-01 18:36:00,413.81
2022-01-01 18:37:00,413.77
2022-01-01 18:38:00,396.61
2022-01-01 18:39:00,410.1
2022-01-01 18:40:00,413.38
2022-01-01 18:41:00,404.9
2022-01-01 18:42:00,412.13
2022-01-01 18:43:00,406.99
2022-01-01 18:44:00,412.99
2022-01-01 18:45:00,408.04
2022-01-01 18:46:00,414.81
2022-01-01 18:47:00,413.01
2022-01-01 18:48:00,409.27
2022-01-01 18:49:00,408.56
2022-01-01 18:50:00,413.6
2022-01-01 18:51:00,400.48
2022-01-01 18:52:00,404.79
2022-01-01 18:53:00,413.55
2022-01-01 18:54:00,397.61
2022-01-01 18:55:00,409.61
2022-01-01 18:56:00,407.03
2022-01-01 18:57:00,412.77
2022-01-01 18:58:00,409.01
2022-01-01 18:59:00,400.82
2022-01-01 19:00:00,410.82
2022-01-01 19:01:00,408.39
2022-01-01 19:02:00,405.84
2022-01-01 19:03:00,404.99
2022-01-01 19:04:00,404.47
2022-01-01 19:05:00,413.9
2022-01-01 19:06:00,416.04
2022-01-01 19:07:00,413.01
2022-01-01 19:08:00,399.2
2022-01-01 19:09:00,412.18
2022-01-01 19:10:00,413.51
2022-01-01 19:11:00,400.25
2022-01-01 19:12:00,407.05
2022-01-01 19:13:00,397.3
2022-01-01 19:14:00,402.33
2022-01-01 19:15:00,414.01
2022-01-01 19:16:00,408.82
2022-01-01 19:17:00,401.79
2022-01-01 19:18:00,403.6
2022-01-01 19:19:00,397.78
2022-01-01 19:20:00,403.87
2022-01-01 19:21:00,400.2
2022-01-01 19:22:00,397.42
2022-01-01 19:23:00,401.18
2022-01-01 19:24:00,405.43
2022-01-01 19:25:00,415.16
2022-01-01 19:26:00,410.45
2022-01-01 19:27:00,412.72
2022-01-01 19:28:00,409.89
2022-01-01 19:29:00,407.03
2022-01-01 19:30:00,405.83
2022-01-01 19:31:00,410.6
2022-01-01 19:32:00,403.15
2022-01-01 19:33:00,404.38
2022-01-01 19:34:00,416.41
2022-01-01 19:35:00,409.18
2022-01-01 19:36:00,401.93
2022-01-01 19:37:00,415.94
2022-01-01 19:38:00,398.52
2022-01-01 19:39:00,399.39
2022-01-01 19:40:00,412.16
2022-01-01 19:41:00,409.38
2022-01-01 19:42:00,412.85
2022-01-01 19:43:00,413.4
2022-01-01 19:44:00,410.51
2022-01-01 19:45:00,407.52
2022-01-01 19:46:00,416.42
2022-01-01 19:47:00,410.21
2022-01-01 19:48:00,403.25
2022-01-01 19:49:00,402.68
2022-01-01 19:50:00,417.94
2022-01-01 19:51:00,403.32
2022-01-01 19:52:00,412.22
2022-01-01 19:53:00,413.28
2022-01-01 19:54:00,402.81
2022-01-01 19:55:00,407.15
2022-01-01 19:56:00,400.43
2022-01-01 19:57:00,412.56
2022-01-01 19:58:00,415.68
2022-01-01 19:59:00,402.22
2022-01-01 20:00:00,411.87
2022-01-01 20:01:00,415.13
2022-01-01 20:02:00,407.66
2022-01-01 20:03:00,415.57
2022-01-01 20:04:00,407.41
2022-01-01 20:05:00,413.31
2022-01-01 20:06:00,412.75
2022-01-01 20:07:00,401.15
2022-01-01 20:08:00,417.02
2022-01-01 20:09:00,405.8
2022-01-01 20:10:00,410.16
2022-01-01 20:11:00,416.78
2022-01-01 20:12:00,412.31
2022-01-01 20:13:00,412.77
2022-01-01 20:14:00,413.18
2022-01-01 20:15:00,415.14
2022-01-01 20:16:00,407.6
2022-01-01 20:17:00,413.36
2022-01-01 20:18:00,418.69
2022-01-01 20:19:00,414.28
2022-01-01 20:20:00,403.07
2022-01-01 20:21:00,408.87
2022-01-01 20:22:00,404.38
2022-01-01 20:23:00,400.15
2022-01-01 20:24:00,400.94
2022-01-01 20:25:00,400.0
2022-01-01 20:26:00,401.66
2022-01-01 20:27:00,402.67
2022-01-01 20:28:00,415.18
2022-01-01 20:29:00,399.85
2022-01-01 20:30:00,412.99
2022-01-01 20:31:00,408.33
2022-01-01 20:32:00,405.61
2022-01-01 20:33:00,405.83
2022-01-01 20:34:00,411.87
2022-01-01 20:35:00,411.77
2022-01-01 20:36:00,401.27
2022-01-01 20:37:00,415.08
2022-01-01 20:38:00,405.52
2022-01-01 20:39:00,415.16
2022-01-01 20:40:00,411.68
2022-01-01 20:41:00,411.73
2022-01-01 20:42:00,413.31
2022-01-01 20:43:00,400.56
2022-01-01 20:44:00,403.25
2022-01-01 20:45:00,417.25
2022-01-01 20:46:00,401.54
2022-01-01 20:47:00,415.41
2022-01-01 20:48:00,405.64
2022-01-01 20:49:00,419.18
2022-01-01 20:50:00,410.55
2022-01-01 20:51:00,411.74
2022-01-01 20:52:00,413.36
2022-01-01 20:53:00,418.68
2022-01-01 20:54:00,408.73
2022-01-01 20:55:00,416.23
2022-01-01 20:56:00,414.64
2022-01-01 20:57:00,409.99
2022-01-01 20:58:00,409.7
2022-01-01 20:59:00,409.36
2022-01-01 21:00:00,407.8
2022-01-01 21:01:00,415.14
2022-01-01 21:02:00,414.36
2022-01-01 21:03:00,407.4
2022-01-01 21:04:00,402.64
2022-01-01 21:05:00,409.72
2022-01-01 21:06:00,418.22
2022-01-01 21:07:00,412.2
2022-01-01 21:08:00,419.71
2022-01-01 21:09:00,413.3
2022-01-01 21:10:00,415.55
2022-01-01 21:11:00,411.99
2022-01-01 21:12:00,404.96
2022-01-01 21:13:00,407.39
2022-01-01 21:14:00,419.5
2022-01-01 21:15:00,406.16
2022-01-01 21:16:00,404.0
2022-01-01 21:17:00,409.43
2022-01-01 21:18:00,416.4
2022-01-01 21:19:00,417.07
2022-01-01 21:20:00,411.82
2022-01-01 21:21:00,405.55
2022-01-01 21:22:00,409.07
2022-01-01 21:23:00,404.2
2022-01-01 21:24:00,411.43
2022-01-01 21:25:00,403.57
2022-01-01 21:26:00,407.8
2022-01-01 21:27:00,414.45
2022-01-01 21:28:00,404.42
2022-01-01 21:29:00,409.56
2022-01-01 21:30:00,408.19
2022-01-01 21:31:00,404.29
2022-01-01 21:32:00,411.45
2022-01-01 21:33:00,410.65
2022-01-01 21:34:00,411.35
2022-01-01 21:35:00,418.57
2022-01-01 21:36:00,414.75
2022-01-01 21:37:00,404.4
2022-01-01 21:38:00,411.43
2022-01-01 21:39:00,419.2
2022-01-01 21:40:00,421.45
2022-01-01 21:41:00,406.7
2022-01-01 21:42:00,402.81
2022-01-01 21:43:00,404.75
2022-01-01 21:44:00,415.39
2022-01-01 21:45:00,410.29
2022-01-01 21:46:00,402.5
2022-01-01 21:47:00,419.79
2022-01-01 21:48:00,406.1
2022-01-01 21:49:00,415.34
2022-01-01 21:50:00,409.62
2022-01-01 21:51:00,419.28
2022-01-01 21:52:00,418.14
2022-01-01 21:53:00,422.33
2022-01-01 21:54:00,409.83
2022-01-01 21:55:00,414.54
2022-01-01 21:56:00,413.94
2022-01-01 21:57:00,413.89
2022-01-01 21:58:00,417.36
2022-01-01 21:59:00,407.09
2022-01-01 22:00:00,405.52
2022-01-01 22:01:00,404.63
2022-01-01 22:02:00,419.47
2022-01-01 22:03:00,420.08
2022-01-01 22:04:00,415.27
2022-01-01 22:05:00,406.47
2022-01-01 22:06:00,412.32
2022-01-01 22:07:00,422.47
2022-01-01 22:08:00,410.45
2022-01-01 22:09:00,415.4
2022-01-01 22:10:00,414.8
2022-01-01 22:11:00,404.36
2022-01-01 22:12:00,415.08
2022-01-01 22:13:00,419.36
2022-01-01 22:14:00,418.26
2022-01-01 22:15:00,413.55
2022-01-01 22:16:00,414.85
2022-01-01 22:17:00,405.22
2022-01-01 22:18:00,420.21
2022-01-01 22:19:00,422.61
2022-01-01 22:20:00,406.31
2022-01-01 22:21:00,406.17
2022-01-01 22:22:00,415.62
2022-01-01 22:23:00,423.71
2022-01-01 22:24:00,411.57
2022-01-01 22:25:00,411.01
2022-01-01 22:26:00,417.42
2022-01-01 22:27:00,404.06
2022-01-01 22:28:00,417.26
2022-01-01 22:29:00,419.07
2022-01-01 22:30:00,423.92
2022-01-01 22:31:00,416.68
2022-01-01 22:32:00,412.97
2022-01-01 22:33:00,411.84
2022-01-01 22:34:00,407.9
2022-01-01 22:35:00,410.91
2022-01-01 22:36:00,405.01
2022-01-01 22:37:00,421.99
2022-01-01 22:38:00,407.7
2022-01-01 22:39:00,417.16
2022-01-01 22:40:00,411.69
2022-01-01 22:41:00,420.97
2022-01-01 22:42:00,423.72
2022-01-01 22:43:00,409.74
2022-01-01 22:44:00,416.89
2022-01-01 22:45:00,417.4
2022-01-01 22:46:00,411.36
2022-01-01 22:47:00,420.66
2022-01-01 22:48:00,405.26
2022-01-01 22:49:00,415.65
2022-01-01 22:50:00,408.2
2022-01-01 22:51:00,410.05
2022-01-01 22:52:00,407.68
2022-01-01 22:53:00,411.13
2022-01-01 22:54:00,410.12
2022-01-01 22:55:00,407.79
2022-01-01 22:56:00,416.6
2022-01-01 22:57:00,413.87
2022-01-01 22:58:00,418.81
2022-01-01 22:59:00,413.16
2022-01-01 23:00:00,405.0
2022-01-01 23:01:00,415.56
2022-01-01 23:02:00,418.62
2022-01-01 23:03:00,416.52
2022-01-01 23:04:00,424.75
2022-01-01 23:05:00,418.51
2022-01-01 23:06:00,412.76
2022-01-01 23:07:00,410.98
2022-01-01 23:08:00,412.21
2022-01-01 23:09:00,420.54
2022-01-01 23:10:00,417.3
2022-01-01 23:11:00,424.98
2022-01-01 23:12:00,409.52
2022-01-01 23:13:00,409.98
2022-01-01 23:14:00,422.3
2022-01-01 23:15:00,408.65
2022-01-01 23:16:00,423.09
2022-01-01 23:17:00,419.33
2022-01-01 23:18:00,413.62
2022-01-01 23:19:00,410.72
2022-01-01 23:20:00,424.01
2022-01-01 23:21:00,410.56
2022-01-01 23:22:00,421.4
2022-01-01 23:23:00,409.7
2022-01-01 23:24:00,409.02
2022-01-01 23:25:00,424.8
2022-01-01 23:26:00,412.71
2022-01-01 23:27:00,409.97
2022-01-01 23:28:00,407.19
2022-01-01 23:29:00,420.22
2022-01-01 23:30:00,422.9
2022-01-01 23:31:00,411.77
2022-01-01 23:32:00,421.07
2022-01-01 23:33:00,424.62
2022-01-01 23:34:00,413.79
2022-01-01 23:35:00,417.9
2022-01-01 23:36:00,408.0
2022-01-01 23:37:00,414.96
2022-01-01 23:38:00,424.99
2022-01-01 23:39:00,422.87
2022-01-01 23:40:00,410.31
2022-01-01 23:41:00,422.69
2022-01-01 23:42:00,418.32
2022-01-01 23:43:00,425.49
2022-01-01 23:44:00,415.61
2022-01-01 23:45:00,407.24
2022-01-01 23:46:00,406.85
2022-01-01 23:47:00,423.59
2022-01-01 23:48:00,408.03
2022-01-01 23:49:00,424.72
2022-01-01 23:50:00,407.53
2022-01-01 23:51:00,422.29
2022-01-01 23:52:00,422.15
2022-01-01 23:53:00,424.87
2022-01-01 23:54:00,421.44
2022-01-01 23:55:00,407.36
2022-01-01 23:56:00,410.77
2022-01-01 23:57:00,423.7
2022-01-01 23:58:00,409.06
2022-01-01 23:59:00,424.46
2022-01-02 00:00:00,417.5
2022-01-02 00:01:00,415.52
2022-01-02 00:02:00,408.69
2022-01-02 00:03:00,410.25
2022-01-02 00:04:00,420.43
2022-01-02 00:05:00,421.69
2022-01-02 00:06:00,423.2
2022-01-02 00:07:00,414.92
2022-01-02 00:08:00,408.34
2022-01-02 00:09:00,420.47
2022-01-02 00:10:00,415.52
2022-01-02 00:11:00,421.62
2022-01-02 00:12:00,423.9
2022-01-02 00:13:00,407.62
2022-01-02 00:14:00,422.0
2022-01-02 00:15:00,417.34
2022-01-02 00:16:00,420.49
2022-01-02 00:17:00,422.74
2022-01-02 00:18:00,417.49
2022-01-02 00:19:00,420.5
2022-01-02 00:20:00,412.55
2022-01-02 00:21:00,408.3
2022-01-02 00:22:00,414.91
2022-01-02 00:23:00,415.8
2022-01-02 00:24:00,425.11
2022-01-02 00:25:00,425.82
2022-01-02 00:26:00,420.11
2022-01-02 00:27:00,419.81
2022-01-02 00:28:00,426.95
2022-01-02 00:29:00,413.48
2022-01-02 00:30:00,412.05
2022-01-02 00:31:00,412.12
2022-01-02 00:32:00,417.47
2022-01-02 00:33:00,410.42
2022-01-02 00:34:00,426.34
2022-01-02 00:35:00,415.8
2022-01-02 00:36:00,418.05
2022-01-02 00:37:00,413.7
2022-01-02 00:38:00,419.99
2022-01-02 00:39:00,420.4
2022-01-02 00:40:00,409.26
2022-01-02 00:41:00,408.65
2022-01-02 00:42:00,421.19
2022-01-02 00:43:00,415.29
2022-01-02 00:44:00,411.34
2022-01-02 00:45:00,415.11
2022-01-02 00:46:00,426.41
2022-01-02 00:47:00,423.2
2022-01-02 00:48:00,419.0
2022-01-02 00:49:00,420.87
2022-01-02 00:50:00,413.18
2022-01-02 00:51:00,425.02
2022-01-02 00:52:00,415.73
2022-01-02 00:53:00,421.05
2022-01-02 00:54:00,418.29
2022-01-02 00:55:00,411.02
2022-01-02 00:56:00,428.56
2022-01-02 00:57:00,417.21
2022-01-02 00:58:00,416.75
2022-01-02 00:59:00,418.25
2022-01-02 01:00:00,409.56
2022-01-02 01:01:00,411.51
2022-01-02 01:02:00,419.95
2022-01-02 01:03:00,426.49
2022-01-02 01:04:00,421.47
2022-01-02 01:05:00,417.45
2022-01-02 01:06:00,419.71
2022-01-02 01:07:00,412.3
2022-01-02 01:08:00,419.05
2022-01-02 01:09:00,413.98
2022-01-02 01:10:00,411.47
2022-01-02 01:11:00,423.57
2022-01-02 01:12:00,423.38
2022-01-02 01:13:00,414.15
2022-01-02 01:14:00,420.97
2022-01-02 01:15:00,424.26
2022-01-02 01:16:00,416.27
2022-01-02 01:17:00,428.01
2022-01-02 01:18:00,422.84
2022-01-02 01:19:00,428.15
2022-01-02 01:20:00,413.61
2022-01-02 01:21:00,417.06
2022-01-02 01:22:00,411.5
2022-01-02 01:23:00,423.06
2022-01-02 01:24:00,418.17
2022-01-02 01:25:00,425.25
2022-01-02 01:26:00,422.24
2022-01-02 01:27:00,417.31
2022-01-02 01:28:00,418.4
2022-01-02 01:29:00,423.01
2022-01-02 01:30:00,415.54
2022-01-02 01:31:00,414.18
2022-01-02 01:32:00,424.88
2022-01-02 01:33:00,427.4
2022-01-02 01:34:00,428.39
2022-01-02 01:35:00,420.21
2022-01-02 01:36:00,422.92
2022-01-02 01:37:00,426.36
2022-01-02 01:38:00,423.29
2022-01-02 01:39:00,424.58
2022-01-02 01:40:00,424.0
2022-01-02 01:41:00,428.6
2022-01-02 01:42:00,410.87
2022-01-02 01:43:00,430.01
2022-01-02 01:44:00,420.76
2022-01-02 01:45:00,419.69
2022-01-02 01:46:00,420.54
2022-01-02 01:47:00,418.74
2022-01-02 01:48:00,411.29
2022-01-02 01:49:00,414.37
2022-01-02 01:50:00,415.94
2022-01-02 01:51:00,420.98
2022-01-02 01:52:00,419.84
2022-01-02 01:53:00,424.45
2022-01-02 01:54:00,426.47
2022-01-02 01:55:00,415.34
2022-01-02 01:56:00,420.65
2022-01-02 01:57:00,420.98
2022-01-02 01:58:00,429.56
2022-01-02 01:59:00,417.81
2022-01-02 02:00:00,419.27
2022-01-02 02:01:00,412.49
2022-01-02 02:02:00,420.45
2022-01-02 02:03:00,421.21
2022-01-02 02:04:00,418.94
2022-01-02 02:05:00,415.6
2022-01-02 02:06:00,414.56
2022-01-02 02:07:00,428.66
2022-01-02 02:08:00,430.42
2022-01-02 02:09:00,426.51
2022-01-02 02:10:00,411.92
2022-01-02 02:11:00,416.58
2022-01-02 02:12:00,422.15
2022-01-02 02:13:00,423.28
2022-01-02 02:14:00,427.41
2022-01-02 02:15:00,424.48
2022-01-02 02:16:00,425.79
2022-01-02 02:17:00,417.14
2022-01-02 02:18:00,417.98
2022-01-02 02:19:00,431.24
2022-01-02 02:20:00,428.93
2022-01-02 02:21:00,429.96
2022-01-02 02:22:00,428.62
2022-01-02 02:23:00,426.15
2022-01-02 02:24:00,415.83
2022-01-02 02:25:00,415.6
2022-01-02 02:26:00,416.57
2022-01-02 02:27:00,429.27
2022-01-02 02:28:00,415.3
2022-01-02 02:29:00,416.12
2022-01-02 02:30:00,424.24
2022-01-02 02:31:00,431.59
2022-01-02 02:32:00,411.98
2022-01-02 02:33:00,415.41
2022-01-02 02:34:00,421.86
2022-01-02 02:35:00,429.62
2022-01-02 02:36:00,417.6
2022-01-02 02:37:00,413.89
2022-01-02 02:38:00,416.69
2022-01-02 02:39:00,417.33
2022-01-02 02:40:00,425.1
2022-01-02 02:41:00,428.55
2022-01-02 02:42:00,417.27
2022-01-02 02:43:00,415.71
2022-01-02 02:44:00,414.74
2022-01-02 02:45:00,427.07
2022-01-02 02:46:00,427.22
2022-01-02 02:47:00,428.03
2022-01-02 02:48:00,428.65
2022-01-02 02:49:00,426.43
2022-01-02 02:50:00,416.14
2022-01-02 02:51:00,424.65
2022-01-02 02:52:00,417.82
2022-01-02 02:53:00,425.16
2022-01-02 02:54:00,414.4
2022-01-02 02:55:00,425.93
2022-01-02 02:56:00,422.81
2022-01-02 02:57:00,423.09
2022-01-02 02:58:00,429.13
2022-01-02 02:59:00,412.94
2022-01-02 03:00:00,429.02
2022-01-02 03:01:00,425.61
2022-01-02 03:02:00,416.27
2022-01-02 03:03:00,429.88
2022-01-02 03:04:00,427.29
2022-01-02 03:05:00,432.24
2022-01-02 03:06:00,425.46
2022-01-02 03:07:00,412.88
2022-01-02 03:08:00,422.35
2022-01-02 03:09:00,431.23
2022-01-02 03:10:00,414.12
2022-01-02 03:11:00,421.63
2022-01-02 03:12:00,429.69
2022-01-02 03:13:00,414.65
2022-01-02 03:14:00,414.12
2022-01-02 03:15:00,413.9
2022-01-02 03:16:00,415.1
2022-01-02 03:17:00,419.26
2022-01-02 03:18:00,428.83
2022-01-02 03:19:00,423.19
2022-01-02 03:20:00,417.52
2022-01-02 03:21:00,426.5
2022-01-02 03:22:00,423.09
2022-01-02 03:23:00,421.83
2022-01-02 03:24:00,426.27
2022-01-02 03:25:00,420.09
2022-01-02 03:26:00,417.33
2022-01-02 03:27:00,413.79
2022-01-02 03:28:00,413.56
2022-01-02 03:29:00,430.47
2022-01-02 03:30:00,422.61
2022-01-02 03:31:00,417.92
2022-01-02 03:32:00,419.56
2022-01-02 03:33:00,414.28
2022-01-02 03:34:00,429.5
2022-01-02 03:35:00,417.2
2022-01-02 03:36:00,413.6
2022-01-02 03:37:00,415.28
2022-01-02 03:38:00,414.96
2022-01-02 03:39:00,420.96
2022-01-02 03:40:00,421.82
2022-01-02 03:41:00,425.44
2022-01-02 03:42:00,428.39
2022-01-02 03:43:00,420.06
2022-01-02 03:44:00,417.88
2022-01-02 03:45:00,424.4
2022-01-02 03:46:00,417.2
2022-01-02 03:47:00,433.39
2022-01-02 03:48:00,425.92
2022-01-02 03:49:00,432.6
2022-01-02 03:50:00,428.11
2022-01-02 03:51:00,417.23
2022-01-02 03:52:00,433.88
2022-01-02 03:53:00,419.78
2022-01-02 03:54:00,425.7
2022-01-02 03:55:00,431.1
2022-01-02 03:56:00,423.02
2022-01-02 03:57:00,422.13
2022-01-02 03:58:00,416.77
2022-01-02 03:59:00,418.93
2022-01-02 04:00:00,424.12
2022-01-02 04:01:00,420.29
2022-01-02 04:02:00,422.99
2022-01-02 04:03:00,432.17
2022-01-02 04:04:00,423.75
2022-01-02 04:05:00,432.59
2022-01-02 04:06:00,414.82
2022-01-02 04:07:00,422.17
2022-01-02 04:08:00,417.37
2022-01-02 04:09:00,421.3
2022-01-02 04:10:00,422.12
2022-01-02 04:11:00,419.63
2022-01-02 04:12:00,433.93
2022-01-02 04:13:00,430.44
2022-01-02 04:14:00,434.46
2022-01-02 04:15:00,425.77
2022-01-02 04:16:00,414.98
2022-01-02 04:17:00,420.12
2022-01-02 04:18:00,427.64
2022-01-02 04:19:00,431.2
2022-01-02 04:20:00,433.85
2022-01-02 04:21:00,421.49
2022-01-02 04:22:00,433.95
2022-01-02 04:23:00,424.12
2022-01-02 04:24:00,417.99
2022-01-02 04:25:00,423.54
2022-01-02 04:26:00,426.52
2022-01-02 04:27:00,427.39
2022-01-02 04:28:00,419.54
2022-01-02 04:29:00,427.84
2022-01-02 04:30:00,421.58
2022-01-02 04:31:00,417.73
2022-01-02 04:32:00,421.34
2022-01-02 04:33:00,426.89
2022-01-02 04:34:00,420.28
2022-01-02 04:35:00,433.31
2022-01-02 04:36:00,415.24
2022-01-02 04:37:00,433.02
2022-01-02 04:38:00,419.0
2022-01-02 04:39:00,427.58
2022-01-02 04:40:00,423.79
2022-01-02 04:41:00,432.35
2022-01-02 04:42:00,419.44
2022-01-02 04:43:00,426.39
2022-01-02 04:44:00,431.75
2022-01-02 04:45:00,422.09
2022-01-02 04:46:00,423.87
2022-01-02 04:47:00,429.64
2022-01-02 04:48:00,424.99
2022-01-02 04:49:00,418.38
2022-01-02 04:50:00,421.85
2022-01-02 04:51:00,429.95
2022-01-02 04:52:00,426.48
2022-01-02 04:53:00,432.9
2022-01-02 04:54:00,421.86
2022-01-02 04:55:00,422.38
2022-01-02 04:56:00,420.57
2022-01-02 04:57:00,421.52
2022-01-02 04:58:00,435.21
2022-01-02 04:59:00,427.82
2022-01-02 05:00:00,430.82
2022-01-02 05:01:00,421.67
2022-01-02 05:02:00,421.11
2022-01-02 05:03:00,423.51
2022-01-02 05:04:00,422.48
2022-01-02 05:05:00,431.8
2022-01-02 05:06:00,422.95
2022-01-02 05:07:00,416.27
2022-01-02 05:08:00,426.53
2022-01-02 05:09:00,434.03
2022-01-02 05:10:00,422.61
2022-01-02 05:11:00,416.73
2022-01-02 05:12:00,433.7
2022-01-02 05:13:00,433.41
2022-01-02 05:14:00,429.77
2022-01-02 05:15:00,425.0
2022-01-02 05:16:00,432.25
2022-01-02 05:17:00,420.81
2022-01-02 05:18:00,429.93
2022-01-02 05:19:00,425.06
2022-01-02 05:20:00,435.89
2022-01-02 05:21:00,430.67
2022-01-02 05:22:00,431.62
2022-01-02 05:23:00,419.94
2022-01-02 05:24:00,426.58
2022-01-02 05:25:00,434.52
2022-01-02 05:26:00,421.14
2022-01-02 05:27:00,422.27
2022-01-02 05:28:00,427.22
2022-01-02 05:29:00,429.55
2022-01-02 05:30:00,422.86
2022-01-02 05:31:00,428.82
2022-01-02 05:32:00,435.87
2022-01-02 05:33:00,421.67
2022-01-02 05:34:00,424.27
2022-01-02 05:35:00,432.49
2022-01-02 05:36:00,431.95
2022-01-02 05:37:00,419.26
2022-01-02 05:38:00,417.82
2022-01-02 05:39:00,419.79
2022-01-02 05:40:00,426.23
2022-01-02 05:41:00,436.76
2022-01-02 05:42:00,419.84
2022-01-02 05:43:00,417.58
2022-01-02 05:44:00,431.01
2022-01-02 05:45:00,432.45
2022-01-02 05:46:00,436.41
2022-01-02 05:47:00,420.44
2022-01-02 05:48:00,426.83
2022-01-02 05:49:00,421.89
2022-01-02 05:50:00,424.14
2022-01-02 05:51:00,426.61
2022-01-02 05:52:00,427.06
2022-01-02 05:53:00,422.45
2022-01-02 05:54:00,425.06
2022-01-02 05:55:00,430.03
2022-01-02 05:56:00,420.37
2022-01-02 05:57:00,419.13
2022-01-02 05:58:00,428.43
2022-01-02 05:59:00,428.89
2022-01-02 06:00:00,426.05
2022-01-02 06:01:00,425.28
2022-01-02 06:02:00,433.8
2022-01-02 06:03:00,423.73
2022-01-02 06:04:00,418.8
2022-01-02 06:05:00,428.19
2022-01-02 06:06:00,429.17
2022-01-02 06:07:00,427.1
2022-01-02 06:08:00,429.22
2022-01-02 06:09:00,427.18
2022-01-02 06:10:00,431.88
2022-01-02 06:11:00,428.83
2022-01-02 06:12:00,422.57
2022-01-02 06:13:00,429.54
2022-01-02 06:14:00,429.16
2022-01-02 06:15:00,437.62
2022-01-02 06:16:00,421.3
2022-01-02 06:17:00,418.84
2022-01-02 06:18:00,425.77
2022-01-02 06:19:00,428.7
2022-01-02 06:20:00,433.49
2022-01-02 06:21:00,430.02
2022-01-02 06:22:00,422.6
2022-01-02 06:23:00,436.14
2022-01-02 06:24:00,427.71
2022-01-02 06:25:00,427.7
2022-01-02 06:26:00,428.34
2022-01-02 06:27:00,429.72
2022-01-02 06:28:00,435.65
2022-01-02 06:29:00,423.41
2022-01-02 06:30:00,419.38
2022-01-02 06:31:00,422.02
2022-01-02 06:32:00,423.99
2022-01-02 06:33:00,421.53
2022-01-02 06:34:00,431.42
2022-01-02 06:35:00,435.12
2022-01-02 06:36:00,427.5
2022-01-02 06:37:00,435.92
2022-01-02 06:38:00,433.06
2022-01-02 06:39:00,436.61
2022-01-02 06:40:00,424.13
2022-01-02 06:41:00,428.38
2022-01-02 06:42:00,429.5
2022-01-02 06:43:00,424.83
2022-01-02 06:44:00,433.66
2022-01-02 06:45:00,424.81
2022-01-02 06:46:00,419.22
2022-01-02 06:47:00,423.01
2022-01-02 06:48:00,431.77
2022-01-02 06:49:00,423.16
2022-01-02 06:50:00,433.55
2022-01-02 06:51:00,420.89
2022-01-02 06:52:00,428.82
2022-01-02 06:53:00,424.35
2022-01-02 06:54:00,437.65
2022-01-02 06:55:00,436.6
2022-01-02 06:56:00,422.55
2022-01-02 06:57:00,425.67
2022-01-02 06:58:00,435.16
2022-01-02 06:59:00,426.87
2022-01-02 07:00:00,421.83
2022-01-02 07:01:00,427.16
2022-01-02 07:02:00,426.49
2022-01-02 07:03:00,433.34
2022-01-02 07:04:00,431.73
2022-01-02 07:05:00,427.61
2022-01-02 07:06:00,428.9
2022-01-02 07:07:00,432.23
2022-01-02 07:08:00,427.41
2022-01-02 07:09:00,438.06
2022-01-02 07:10:00,436.13
2022-01-02 07:11:00,420.11
2022-01-02 07:12:00,439.33
2022-01-02 07:13:00,421.87
2022-01-02 07:14:00,437.8
2022-01-02 07:15:00,435.46
2022-01-02 07:16:00,437.37
2022-01-02 07:17:00,434.81
2022-01-02 07:18:00,427.6
2022-01-02 07:19:00,424.09
2022-01-02 07:20:00,433.85
2022-01-02 07:21:00,423.42
2022-01-02 07:22:00,435.27
2022-01-02 07:23:00,434.65
2022-01-02 07:24:00,421.24
2022-01-02 07:25:00,422.83
2022-01-02 07:26:00,436.16
2022-01-02 07:27:00,432.74
2022-01-02 07:28:00,422.16
2022-01-02 07:29:00,420.1
2022-01-02 07:30:00,425.73
2022-01-02 07:31:00,429.22
2022-01-02 07:32:00,431.27
2022-01-02 07:33:00,423.58
2022-01-02 07:34:00,436.66
2022-01-02 07:35:00,433.31
2022-01-02 07:36:00,431.26
2022-01-02 07:37:00,426.57
2022-01-02 07:38:00,421.6
2022-01-02 07:39:00,424.28
2022-01-02 07:40:00,434.34
2022-01-02 07:41:00,422.12
2022-01-02 07:42:00,427.99
2022-01-02 07:43:00,426.73
2022-01-02 07:44:00,433.13
2022-01-02 07:45:00,425.13
2022-01-02 07:46:00,435.15
2022-01-02 07:47:00,423.46
2022-01-02 07:48:00,431.11
2022-01-02 07:49:00,439.02
2022-01-02 07:50:00,420.51
2022-01-02 07:51:00,421.11
2022-01-02 07:52:00,421.42
2022-01-02 07:53:00,428.72
2022-01-02 07:54:00,422.52
2022-01-02 07:55:00,423.26
2022-01-02 07:56:00,430.44
2022-01-02 07:57:00,430.94
2022-01-02 07:58:00,430.98
2022-01-02 07:59:00,426.88
2022-01-02 08:00:00,438.22
2022-01-02 08:01:00,428.54
2022-01-02 08:02:00,426.85
2022-01-02 08:03:00,422.21
2022-01-02 08:04:00,422.23
2022-01-02 08:05:00,421.1
2022-01-02 08:06:00,425.49
2022-01-02 08:07:00,427.44
2022-01-02 08:08:00,423.83
2022-01-02 08:09:00,432.06
2022-01-02 08:10:00,433.27
2022-01-02 08:11:00,435.28
2022-01-02 08:12:00,439.26
2022-01-02 08:13:00,434.8
2022-01-02 08:14:00,430.21
2022-01-02 08:15:00,421.95
2022-01-02 08:16:00,433.49
2022-01-02 08:17:00,439.03
2022-01-02 08:18:00,435.5
2022-01-02 08:19:00,433.67
2022-01-02 08:20:00,423.3
2022-01-02 08:21:00,421.5
2022-01-02 08:22:00,431.0
2022-01-02 08:23:00,422.75
2022-01-02 08:24:00,431.67
2022-01-02 08:25:00,427.42
2022-01-02 08:26:00,433.58
2022-01-02 08:27:00,438.06
2022-01-02 08:28:00,438.29
2022-01-02 08:29:00,426.06
2022-01-02 08:30:00,421.62
2022-01-02 08:31:00,437.39
2022-01-02 08:32:00,421.46
2022-01-02 08:33:00,430.13
2022-01-02 08:34:00,439.62
2022-01-02 08:35:00,435.66
2022-01-02 08:36:00,434.99
2022-01-02 08:37:00,440.46
2022-01-02 08:38:00,436.69
2022-01-02 08:39:00,439.86
2022-01-02 08:40:00,438.06
2022-01-02 08:41:00,432.32
2022-01-02 08:42:00,435.62
2022-01-02 08:43:00,437.09
2022-01-02 08:44:00,432.52
2022-01-02 08:45:00,425.37
2022-01-02 08:46:00,427.8
2022-01-02 08:47:00,436.35
2022-01-02 08:48:00,427.49
2022-01-02 08:49:00,440.65
2022-01-02 08:50:00,425.35
2022-01-02 08:51:00,438.3
2022-01-02 08:52:00,428.47
2022-01-02 08:53:00,434.7
2022-01-02 08:54:00,424.56
2022-01-02 08:55:00,427.69
2022-01-02 08:56:00,427.44
2022-01-02 08:57:00,428.93
2022-01-02 08:58:00,440.06
2022-01-02 08:59:00,432.7
2022-01-02 09:00:00,439.68
2022-01-02 09:01:00,430.55
2022-01-02 09:02:00,427.31
2022-01-02 09:03:00,429.98
2022-01-02 09:04:00,441.02
2022-01-02 09:05:00,440.76
2022-01-02 09:06:00,431.95
2022-01-02 09:07:00,427.52
2022-01-02 09:08:00,427.22
2022-01-02 09:09:00,441.03
2022-01-02 09:10:00,424.22
2022-01-02 09:11:00,425.93
2022-01-02 09:12:00,424.3
2022-01-02 09:13:00,423.28
2022-01-02 09:14:00,428.84
2022-01-02 09:15:00,427.54
2022-01-02 09:16:00,434.12
2022-01-02 09:17:00,425.3
2022-01-02 09:18:00,427.09
2022-01-02 09:19:00,435.5
